variable,high_growth_mean,low_growth_mean,difference,standardised_mean_difference,high_growth_n,low_growth_n
organic_area_share_2016,0.053551999663818704,0.0214887558383118,0.032063243825506904,1.2314793249148164,9,9
organic_farm_share_2016,0.057371719969607424,0.024400461157160224,0.032971258812447196,1.1939669166784723,9,9
agricultural_area_ha_2016,44519.0,85051.44444444444,-40532.44444444444,-1.3340706422094237,9,9
baseline_nitrate_mean_2012_2015,52.36868518518518,58.05277777777778,-5.684092592592599,-0.14036861274439053,9,9
baseline_nitrate_slope_2012_2015,2.149088888889027,0.04339259259287805,2.105696296296149,0.4903029134918242,9,9
